paymentGoodputSent:vector PCN.node9 (#0 - General-0-20250701-23:02:47-175902),,paymentGoodputSent:vector PCN.node7 (#0 - General-0-20250701-23:02:47-175902),,paymentGoodputSent:vector PCN.node4 (#0 - General-0-20250701-23:02:47-175902),,paymentGoodputSent:vector PCN.node8 (#0 - General-0-20250701-23:02:47-175902),,paymentGoodputSent:vector PCN.node5 (#0 - General-0-20250701-23:02:47-175902),
555.5,1,566,1,756,1,858.5,1,909,1
590.5,1,766,1,756,1,858.5,1,909,1
752,1,766,1,1102.5,1,870,1,1537.5,1
790.5,1,1028,1,1156.5,1,870,1,1652,1
790.5,1,1112,1,1207,1,897.5,1,1862.5,1
790.5,1,1231,1,1207,1,1020,1,1862.5,1
790.5,1,1312,1,1207,1,1058.5,1,1970.5,1
790.5,1,1312,1,1440,1,1058.5,1,1970.5,1
790.5,1,1312,1,1440,1,1091,1,1970.5,1
862,1,1428.5,1,1520,1,1091,1,2093.5,1
990.5,1,1512.5,1,1557,1,1091,1,2093.5,1
990.5,1,1548,1,1627.5,1,1091,1,2093.5,1
990.5,1,1585.5,1,1627.5,0.923076923076920016,1097.5,1,2093.5,1
990.5,1,1659.5,1,1670,0.928571428571429931,1145,1,2093.5,1
990.5,1,1659.5,1,1670,0.933333333333330013,1223,1,2093.5,1
990.5,1,1694,1,1670,0.9375,1223,1,2318.5,1
990.5,1,1694,1,1827.5,0.941176470588239941,1258.5,1,2318.5,1
990.5,1,1715,1,1870,0.944444444444439975,1258.5,1,2526.5,1
990.5,1,1781,1,1870,0.947368421052629856,1274,1,2526.5,1
1014,1,1781,1,1932,0.94999999999999995,1274,1,2570.5,1
1029,1,1781,1,2070,0.952380952380949881,1274,1,2618.5,1
1173,1,1827,1,2149.5,0.954545454545449917,1274,1,2618.5,1
1173,1,1827,1,2173,0.956521739130429922,1291,1,2640.5,1
1173,1,1894,1,2173,0.958333333333329925,1291,1,2676.5,1
1173,1,1925,1,2204,0.95999999999999996,1357,1,2765.5,1
1173,1,1925,1,2227.5,0.961538461538459895,1357,1,2928,1
1173,1,1925,1,2227.5,0.962962962962959906,1357,1,,
1201,1,1972,1,2307,0.964285714285709968,1357,1,,
1229,1,2026,1,2349.5,0.965517241379310048,1357,0.965517241379310048,,
1229,1,2140,1,2349.5,0.96666666666666989,1357,0.96666666666666989,,
1229,1,2140,1,2349.5,0.96774193548386988,1409,0.96774193548386988,,
1229,1,2226,1,2349.5,0.96875,1409,0.96875,,
1246,1,2235,1,2393,0.969696969696969941,1423,0.969696969696969941,,
1311,1,2235,1,2393,0.970588235294119968,1423,0.970588235294119968,,
1311,1,2319,1,2507,0.97142857142856997,1423,0.942857142857139946,,
1311,1,2345,1,2527,0.972222222222219875,1423,0.944444444444439975,,
1311,1,2374,1,2527,0.972972972972969914,1445,0.945945945945950048,,
1337,1,2383,1,2527,0.973684210526319922,1458.5,0.921052631578950005,,
1414,1,2456,1,2627.5,0.974358974358970005,1458.5,0.897435897435900017,,
1414,1,2465,1,2627.5,0.974999999999999863,1458.5,0.899999999999999907,,
1414,1,2519,1,2627.5,0.975609756097559838,1552,0.902439024390240036,,
1414,1,2519,1,2627.5,0.976190476190480045,1552,0.904761904761899988,,
1414,1,2564,1,2767.5,0.976744186046510028,1574,0.906976744186049895,,
1468,1,2564,1,2855,0.977272727272729953,1599,0.886363636363640013,,
1468,1,2564,1,2912,0.977777777777779851,1611,0.888888888888889945,,
1550,1,2564,1,2967.5,0.978260869565219955,1623,0.891304347826090023,,
1550,1,2564,1,2967.5,0.978723404255319891,1676,0.893617021276599917,,
1550,1,2681,1,2967.5,0.979166666666669845,1683,0.895833333333329925,,
1550,1,2764,1,2967.5,0.979591836734689853,1683,0.897959183673469937,,
1604,1,2809,1,3055,0.97999999999999998,1700,0.899999999999999907,,
1604,1,2809,1,3055,0.980392156862750048,1799,0.901960784313729831,,
1664,1,2827,1,3055,0.980769230769229946,1809,0.903846153846149964,,
1664,1,2919,1,3191.5,0.98113207547169989,1809,0.905660377358489914,,
1718,1,2919,1,3268.5,0.981481481481479839,1809,0.907407407407409878,,
1718,1,2964,1,3270.5,0.981818181818179919,1823,0.890909090909089978,,
1718,1,3000,1,3537,0.982142857142859867,1856,0.892857142857139903,,
1757,1,3065,1,3537,0.98245614035088002,1901,0.877192982456139965,,
1872,1,3065,1,3537,0.982758620689659907,1914,0.879310344827589847,,
1918,1,3119,1,3537,0.983050847457630046,1930,0.88135593220338992,,
1950,1,3200,1,3537,0.983333333333329834,1965,0.883333333333329968,,
1950,1,3247.5,1,3576,0.983606557377050046,2023,0.885245901639339912,,
1957,1,3247.5,1,3620,0.983870967741939935,2023,0.887096774193550037,,
1957,1,3260,1,3640,0.984126984126979961,2023,0.888888888888889945,,
2004,1,3269,1,3640,0.984375,2076,0.890625,,
2004,1,3312,1,3688.5,0.984615384615380001,2076,0.892307692307690023,,
2028,1,3319,1,3688.5,0.98484848484847997,2076,0.893939393939390033,,
2028,1,3360,1,3737,0.98507462686567004,2083,0.895522388059699854,,
2118,1,3384,1,3790,0.985294117647059981,2130,0.897058823529409906,,
2118,1,3400,1,3810,0.98550724637680997,2130,0.898550724637680038,,
2135,1,3469,1,3853,0.985714285714289978,2130,0.899999999999999907,,
2164,1,3469,1,3925,0.985915492957750046,2130,0.90140845070422992,,
2210,1,3599.5,1,3942,0.986111111111110046,2174,0.902777777777779895,,
2229,1,3625.5,1,3974,0.986301369863009865,2174,0.890410958904110035,,
2266,1,3625.5,1,3980,0.986486486486489951,2223,0.891891891891889883,,
2330,1,3669.5,1,4040,0.986666666666669907,2242,0.893333333333329978,,
2346,1,3747,1,4040,0.986842105263159958,2276,0.894736842105259939,,
2373,1,3778.5,1,4053,0.987012987012990001,2290,0.883116883116879855,,
2444,1,3778.5,1,4053,0.987179487179489886,2330,0.884615384615379913,,
2444,1,3778.5,1,4053,0.987341772151899994,2374,0.886075949367089995,,
2487,1,3841,1,4076,0.98750000000000004,2457,0.887499999999999951,,
2487,1,3841,1,4157,0.987654320987650043,2476,0.888888888888889945,,
2516,1,3841,1,4157,0.987804878048780029,2476,0.890243902439019848,,
2569,1,3869,1,4157,0.987951807228919948,2518,0.87951807228916001,,
2610,1,3869,1,4209,0.98809523809523991,2518,0.880952380952380038,,
2610,1,3947,1,4209,0.988235294117649982,2523,0.870588235294119879,,
2625,1,3947,1,4209,0.988372093023260009,2530,0.872093023255809948,,
2666,1,3978.5,1,4250,0.988505747126440011,2615,0.86206896551723999,,
2666,1,4027,1,4276,0.988636363636359976,2633,0.863636363636359976,,
2666,1,4056,1,4302,0.98876404494381997,2676,0.853932584269659897,,
2666,1,4092,1,4357,0.988888888888890033,2729,0.855555555555559839,,
2716,1,4092,1,4371,0.989010989010989934,2762,0.846153846153850026,,
2716,1,4147,1,4409,0.989130434782609975,2790,0.836956521739129929,,
2716,1,4189,1,4476,0.989247311827959882,2790,0.83870967741934987,,
2716,1,4189,1,4476,0.989361702127659942,2854,0.829787234042549833,,
2728,1,4200,1,4476,0.989473684210529831,2876,0.831578947368419858,,
2783,1,4253,1,4500,0.989583333333329925,2876,0.833333333333329925,,
2783,1,4292,1,4500,0.989690721649479904,2960,0.835051546391750051,,
2783,1,4292,1,4521,0.989795918367349921,3033,0.836734693877549948,,
2783,1,4306,1,4521,0.989898989898989829,3076,0.838383838383840005,,
2834,1,4347,1,4557,0.989999999999999988,3076,0.839999999999999853,,
2945,1,4347,1,4585,0.990099009900989864,3140,0.841584158415839885,,
2983,1,4427,1,4637,0.990196078431369915,3160.5,0.843137254901960006,,
2983,1,4427,1,4637,0.990291262135919888,3160.5,0.84466019417476001,,
3056,1,4439,1,4700,0.990384615384619855,3178.5,0.846153846153850026,,
3056,1,4494,1,4757.5,0.990476190476189839,3276.5,0.847619047619049934,,
3056,1,4494,1,4816.5,0.990566037735849831,3276.5,0.839622641509429885,,
3056,1,4523.5,1,4816.5,0.99065420560747985,3285,0.841121495327100007,,
3056,1,4604,1,4957.5,0.990740740740740029,3323,0.84259259259258989,,
3117,1,4604,1,4975.5,0.990825688073389884,3323,0.834862385321099906,,
3145,1,4694.5,1,5056,0.990909090909089847,3354,0.83636363636363997,,
3263.5,1,4714.5,1,5136,0.990990990990989968,3358,0.837837837837839934,,
3263.5,1,4747,1,5200.5,0.991071428571429931,3392,0.839285714285709968,,
3285,1,4747,1,5237.5,0.991150442477879863,3466,0.840707964601769882,,
3343,1,4763,1,5290.5,0.991228070175439896,3492,0.833333333333329925,,
3420,1,4841,1,5408.5,0.991304347826089888,3501,0.834782608695650015,,
3420,1,4999,1,5408.5,0.991379310344829841,3592,0.836206896551719976,,
3463.5,1,5030,1,5537,0.991452991452989923,3592,0.837606837606839956,,
3480,1,5043,1,5744.5,0.991525423728810025,3631,0.838983050847460051,,
3607,1,5199,1,5829.5,0.99159663865545999,3631,0.840336134453779856,,
3607,1,5199,1,5944.5,0.991666666666670023,3696,0.833333333333329925,,
3607,1,5199,1,,,3707,0.826446280991739886,,
3607,1,5230,1,,,3735,0.827868852459019863,,
3663.5,1,5230,1,,,3746,0.821138211382109958,,
3663.5,1,5279,1,,,3780,0.822580645161290032,,
3663.5,1,5315,1,,,3780,0.823999999999999841,,
3697,1,5399,1,,,3840,0.817460317460319882,,
3697,1,5430.5,1,,,3840,0.818897637795279906,,
3807,1,5430.5,1,,,3901,0.8203125,,
3827.5,1,5599.5,1,,,3901,0.821705426356589937,,
3996.5,1,5599.5,1,,,3901,0.823076923076919926,,
3996.5,1,5599.5,1,,,3949,0.816793893129770019,,
4070,1,5599.5,1,,,3997,0.810606060606059882,,
4148,1,5944.5,1,,,4050,0.812030075187969876,,
4207,1,5944.5,1,,,4121,0.813432835820899976,,
4270,1,,,,,4134,0.814814814814809992,,
4270,1,,,,,4149,0.816176470588239941,,
4270,1,,,,,4167,0.810218978102190008,,
4293,1,,,,,4167,0.811594202898549885,,
4348,1,,,,,4197,0.812949640287769832,,
4396.5,1,,,,,4246,0.807142857142860045,,
4396.5,1,,,,,4258,0.80851063829786995,,
4396.5,1,,,,,4316,0.809859154929579934,,
4396.5,1,,,,,4316,0.811188811188809918,,
4479,1,,,,,4329,0.8125,,
4512,1,,,,,4393,0.813793103448279928,,
4512,1,,,,,4393,0.815068493150679969,,
4547,1,,,,,4393,0.816326530612240028,,
4596.5,1,,,,,4393,0.817567567567569982,,
4657,1,,,,,4393,0.812080536912749945,,
4747.5,1,,,,,4474,0.813333333333329907,,
4747.5,1,,,,,4474,0.814569536423839886,,
4895.5,1,,,,,4474,0.81578947368420995,,
5015,1,,,,,4474,0.816993464052290006,,
5042,1,,,,,4474,0.818181818181819894,,
5098.5,1,,,,,4516,0.819354838709679841,,
5140,1,,,,,4516,0.820512820512820037,,
5184,1,,,,,4529,0.821656050955409829,,
5184,1,,,,,4555,0.82278481012658,,
5207,1,,,,,4593,0.823899371069179984,,
5222,1,,,,,4674,0.824999999999999951,,
5241,1,,,,,4674,0.826086956521739909,,
5278.5,1,,,,,4674,0.827160493827159945,,
5298.5,1,,,,,4674,0.828220858895709838,,
5340,1,,,,,4674,0.829268292682930004,,
5384,1,,,,,4698,0.830303030303029873,,
5407,1,,,,,4734,0.825301204819280039,,
5441.5,1,,,,,4734,0.826347305389219851,,
5441.5,1,,,,,4763,0.827380952380949882,,
5499,1,,,,,4763,0.828402366863909997,,
,,,,,,4763,0.823529411764709836,,
,,,,,,4793,0.818713450292399832,,
,,,,,,4793,0.8197674418604699,,
,,,,,,4806,0.820809248554909885,,
,,,,,,4874,0.821839080459769941,,
,,,,,,4876,0.817142857142859831,,
,,,,,,4876,0.818181818181819894,,
,,,,,,4925,0.813559322033899909,,
,,,,,,4925,0.808988764044940019,,
,,,,,,5008,0.804469273743019904,,
,,,,,,5008,0.805555555555560016,,
,,,,,,5081,0.806629834254140029,,
,,,,,,5081,0.80219780219780001,,
,,,,,,5129,0.797814207650269887,,
,,,,,,5129,0.798913043478259861,,
,,,,,,5148,0.800000000000000041,,
,,,,,,5148,0.801075268817200033,,
,,,,,,5244,0.802139037433159836,,
,,,,,,5244,0.803191489361700036,,
,,,,,,5269,0.804232804232799965,,
,,,,,,5269,0.805263157894740008,,
,,,,,,5284,0.801047120418849841,,
,,,,,,5329,0.802083333333329925,,
,,,,,,5329,0.803108808290159844,,
,,,,,,5348,0.804123711340209986,,
,,,,,,5444,0.800000000000000041,,
,,,,,,5444,0.795918367346939878,,
,,,,,,5444,0.796954314720810016,,
,,,,,,5444,0.797979797979800006,,
,,,,,,5529,0.793969849246229928,,
,,,,,,5529,0.794999999999999926,,
,,,,,,5529,0.791044776119399935,,
,,,,,,5529,0.792079207920789892,,
,,,,,,5529,0.793103448275859876,,
,,,,,,5644,0.794117647058820038,,
,,,,,,5644,0.79512195121951001,,
,,,,,,5899.5,0.796116504854369906,,
,,,,,,5899.5,0.797101449275359859,,
