paymentGoodputSent:vector PCN.node7 (#0 - General-0-20250701-23:26:39-185936),,paymentGoodputSent:vector PCN.node5 (#0 - General-0-20250701-23:26:39-185936),,paymentGoodputSent:vector PCN.node4 (#0 - General-0-20250701-23:26:39-185936),,paymentGoodputSent:vector PCN.node9 (#0 - General-0-20250701-23:26:39-185936),,paymentGoodputSent:vector PCN.node8 (#0 - General-0-20250701-23:26:39-185936),
655,0,737.5,1,768.5,1,809,1,831.5,1
710.5,0,842,1,1011.5,1,809,1,1032,1
767.5,0,933.5,1,1011.5,1,809,1,1032,1
801.5,0,933.5,1,1072,1,1009.5,1,1059,1
844.5,0.20000000000000001,953,1,1171.5,1,1009.5,1,1059,1
892.5,0.166666666666669959,1042,1,1171.5,1,1542.5,1,1232,1
911,0.285714285714289915,1107,1,1171.5,1,1686,1,1232,1
940.5,0.375,1242.5,1,1336.5,1,1686,1,1232,1
1091.5,0.444444444444439976,1242.5,1,1372,1,1686,1,1259.5,1
1217.5,0.40000000000000002,1279.5,1,1372,1,1812.5,1,1423.5,1
1267.5,0.45454545454544992,1375,1,1412,1,2013,1,1423.5,1
1334,0.5,1480,1,1443,1,2013,1,1423.5,1
1334,0.538461538461539877,1505.5,1,1563.5,1,2213.5,0.923076923076920016,1423.5,1
1334,0.57142857142856984,1534.5,1,1643.5,1,2213.5,0.928571428571429931,1505.5,1
1397,0.599999999999999864,1534.5,1,1643.5,1,2213.5,0.933333333333330013,1505.5,1
1467.5,0.625,1671,1,1763.5,1,2291.5,0.9375,1668,1
1467.5,0.647058823529409906,1725.5,1,1763.5,1,2352.5,0.941176470588239941,1668,1
1534,0.666666666666669846,1810.5,1,1889,1,2672.5,0.944444444444439975,1706,1
1534,0.684210526315790043,1810.5,1,1889,1,2809,0.947368421052629856,1813.5,1
1534,0.699999999999999951,1810.5,1,1889,1,2809,0.94999999999999995,1813.5,1
1534,0.714285714285709968,1860,1,1889,1,2891.5,0.952380952380949881,1868.5,1
1534,0.727272727272729953,2101.5,1,2064.5,1,2891.5,0.954545454545449917,2037.5,1
1534,0.739130434782609975,2101.5,1,2064.5,1,2916,0.913043478260869841,2166,1
1734,0.75,2101.5,1,2064.5,1,2986,0.916666666666669845,2166,1
1734,0.760000000000000006,2165.5,1,2089.5,1,2986,0.919999999999999923,2187.5,1
1734,0.769230769230770047,2165.5,1,2217.5,1,3009,0.923076923076920016,2431.5,1
1734,0.777777777777779895,2165.5,1,2285.5,1,3019,0.925925925925930035,2482,1
1734,0.785714285714290025,2198.5,1,2328,1,3054,0.928571428571429931,2614,1
1775,0.793103448275859876,2198.5,1,2348,1,3091.5,0.931034482758619882,2682,1
1828,0.800000000000000041,2230,1,2425,1,3137,0.899999999999999907,2682,1
1934,0.806451612903229972,2293.5,1,2425,1,3137,0.903225806451609875,2709,1
1934,0.8125,2335.5,1,2485.5,1,3209,0.90625,2751,1
1934,0.818181818181819894,2476.5,1,2622.5,1,3419.5,0.909090909090909833,2751,1
2014.5,0.823529411764709836,2536,1,2638.5,1,3455,0.911764705882349919,2882,1
2215,0.828571428571429843,2617.5,1,2748,1,3455,0.914285714285709923,2909,1
2215,0.833333333333329925,2617.5,1,2748,1,3490,0.916666666666669845,2927.5,1
2215,0.837837837837839934,2676.5,1,2748,1,3490,0.918918918918919965,3120,1
2505.5,0.842105263157890023,2676.5,1,2748,1,3707.5,0.921052631578950005,3120,1
2505.5,0.846153846153850026,2676.5,1,2778,1,3707.5,0.923076923076920016,3151.5,1
2505.5,0.849999999999999863,2685,1,2790,1,3776.5,0.92500000000000004,3151.5,1
2570.5,0.853658536585369938,2732,1,2790,1,3809.5,0.92682926829267997,3181,1
2597.5,0.857142857142859867,2740.5,1,2848,1,3873.5,0.928571428571429931,3181,1
2597.5,0.860465116279069959,2898,1,2884,1,3946.5,0.930232558139529871,3226,1
2597.5,0.863636363636359976,2898,1,2990.5,1,3946.5,0.931818181818179876,3320,1
2728.5,0.866666666666670023,2932,1,3022.5,1,4073.5,0.933333333333330013,3366,1
2728.5,0.869565217391299991,2932,1,3053.5,1,4073.5,0.93478260869564988,3366,1
2906.5,0.851063829787229938,2967,1,3095,1,4073.5,0.936170212765959903,3366,1
2918.5,0.854166666666669845,3077,1,3199,1,4146,0.9375,3520,1
2991.5,0.857142857142859867,3117.5,1,3222.5,1,4254.5,0.938775510204080005,3520,1
3052,0.859999999999999872,3196.5,1,3255.5,1,4254.5,0.939999999999999941,3627,1
3052,0.862745098039219945,3196.5,1,3295,1,4254.5,0.941176470588239941,3627,1
3066,0.846153846153850026,3196.5,1,3295,1,4273.5,0.942307692307689844,3827,1
3090,0.84905660377358005,3397,1,3295,1,4273.5,0.943396226415089907,3827,1
3118.5,0.851851851851849859,3524.5,1,3399,1,4302,0.944444444444439975,3966.5,1
3179.5,0.85454545454544983,3524.5,1,3399,1,4381.5,0.945454545454549984,3966.5,1
3380,0.857142857142859867,3582.5,1,3399,1,4381.5,0.946428571428569838,4037,1
3380,0.859649122807019989,3582.5,1,3472,1,4582,0.947368421052629856,4056,1
3380,0.86206896551723999,3673.5,1,3590.5,1,4582,0.948275862068969961,4158.5,1
3408.5,0.86440677966101997,3701,1,3610,1,4686.5,0.949152542372879931,4158.5,0.983050847457630046
3408.5,0.866666666666670023,3773.5,1,3672.5,1,4704,0.94999999999999995,4191,0.96666666666666989
3504.5,0.868852459016389963,3842,1,3780.5,1,4749,0.934426229508199975,4296.5,0.967213114754099873
3678.5,0.870967741935479984,3842,1,3870.5,1,4749,0.93548387096773999,4382,0.96774193548386988
3722.5,0.87301587301586991,3973.5,1,3870.5,1,4749,0.936507936507939838,4382,0.968253968253969916
3835,0.875,4030.5,1,3919,1,4864,0.9375,4382,0.96875
3835,0.87692307692308002,4173.5,1,3919,1,4864,0.938461538461540009,4391,0.969230769230770003
3868.5,0.878787878787880001,4230.5,1,4011.5,1,4949.5,0.939393939393939888,4451.5,0.969696969696969941
3894,0.880597014925369898,4258,1,4069,1,4949.5,0.940298507462689941,4479.5,0.970149253731339863
3894,0.882352941176469891,4258,1,4090,1,5039.5,0.941176470588239941,4500,0.970588235294119968
4015,0.884057971014490014,4258,1,4090,1,5194.5,0.94202898550724989,4500,0.971014492753619946
4035,0.88571428571428989,4293,1,4151,1,5194.5,0.942857142857139946,4582.5,0.97142857142856997
4085,0.887323943661969978,4293,1,4211.5,1,5194.5,0.943661971830989985,4582.5,0.971830985915489882
4085,0.875,4373.5,1,4240,1,5293.5,0.944444444444439975,4689.5,0.972222222222219875
4157,0.863013698630139988,4373.5,1,4290,1,5395,0.945205479452049907,4728.5,0.958904109589040039
4157,0.864864864864860023,4430.5,1,4290,1,5595.5,0.945945945945950048,4811.5,0.959459459459459869
4172,0.853333333333329943,4458,1,4351,1,5595.5,0.946666666666669872,4811.5,0.95999999999999996
4232.5,0.855263157894739831,4499,0.986842105263159958,4351,0.986842105263159958,5595.5,0.947368421052629856,4833,0.960526315789469894
4294.5,0.857142857142859867,4570,0.987012987012990001,4351,0.987012987012990001,5595.5,0.948051948051950028,4883,0.961038961038960021
4294.5,0.858974358974359916,4570,0.987179487179489886,4526.5,0.987179487179489886,5595.5,0.948717948717950005,4998,0.961538461538459895
4294.5,0.860759493670889992,4831,0.987341772151899994,4526.5,0.987341772151899994,5824.5,0.94936708860759,5112,0.962025316455699993
4380,0.862500000000000041,4956.5,0.98750000000000004,4551.5,0.98750000000000004,5899,0.94999999999999995,5168,0.962499999999999907
4380,0.864197530864200031,4956.5,0.987654320987650043,4635,0.987654320987650043,,,5168,0.962962962962959906
4380,0.865853658536589905,4956.5,0.987804878048780029,4726.5,0.987804878048780029,,,5168,0.963414634146339873
4380,0.867469879518069971,5031.5,0.987951807228919948,4726.5,0.987951807228919948,,,5192,0.963855421686749865
4482,0.869047619047619953,5109,0.976190476190480045,4896.5,0.98809523809523991,,,5200,0.964285714285709968
4482,0.870588235294119879,5109,0.976470588235289978,4995,0.988235294117649982,,,5272,0.964705882352939965
4482,0.872093023255809948,5169,0.976744186046510028,4995,0.988372093023260009,,,5272,0.965116279069770041
4516,0.873563218390799975,5169,0.977011494252870035,5067.5,0.988505747126440011,,,5272,0.965517241379310048
4516,0.875,5218,0.977272727272729953,5080,0.988636363636359976,,,5312,0.965909090909089935
4565.5,0.876404494382019945,5324,0.977528089887639945,5294.5,0.98876404494381997,,,5312,0.966292134831459922
4565.5,0.877777777777779985,5324,0.977777777777779851,5378,0.988888888888890033,,,5312,0.96666666666666989
4601,0.87912087912087999,5398.5,0.978021978021979872,5396,0.989010989010989934,,,5392,0.967032967032970031
4601,0.8804347826087,5418.5,0.978260869565219955,5442,0.989130434782609975,,,5392,0.956521739130429922
4645,0.88172043010752987,5524.5,0.978494623655909996,5442,0.989247311827959882,,,5400,0.946236559139779883
4645,0.882978723404259863,5524.5,0.978723404255319891,5495,0.989361702127659942,,,5472,0.946808510638299956
4682,0.884210526315789997,5599,0.978947368421049898,5578.5,0.989473684210529831,,,5472,0.947368421052629856
4701,0.875,5895.5,0.979166666666669845,5812.5,0.989583333333329925,,,5512,0.947916666666669845
4764.5,0.876288659793809983,5941.5,0.979381443298970031,5824.5,0.989690721649479904,,,5512,0.94845360824741997
4814,0.877551020408160017,5941.5,0.979591836734689853,5841.5,0.989795918367349921,,,5512,0.948979591836729859
4814,0.878787878787880001,6014.5,0.979797979797979885,5841.5,0.989898989898989829,,,5512,0.949494949494949831
4901,0.87999999999999989,6090,0.97999999999999998,5914.5,0.989999999999999988,,,5592,0.94999999999999995
4901,0.881188118811879968,,,,,,,5890,0.950495049504950003
4901,0.882352941176469891,,,,,,,6090,0.950980392156860028
4901,0.883495145631070007,,,,,,,,
4901,0.884615384615379913,,,,,,,,
4901,0.88571428571428989,,,,,,,,
4983,0.886792452830190032,,,,,,,,
4983,0.887850467289719831,,,,,,,,
4983,0.888888888888889945,,,,,,,,
4983,0.889908256880729937,,,,,,,,
4983,0.890909090909089978,,,,,,,,
5089,0.882882882882879856,,,,,,,,
5089,0.883928571428569838,,,,,,,,
5141,0.884955752212389865,,,,,,,,
5289.5,0.885964912280699841,,,,,,,,
5341,0.886956521739129973,,,,,,,,
5414,0.887931034482760003,,,,,,,,
5414,0.888888888888889945,,,,,,,,
5541,0.889830508474579891,,,,,,,,
5614.5,0.890756302521009898,,,,,,,,
5614.5,0.891666666666669934,,,,,,,,
5690,0.89256198347106985,,,,,,,,
5992.5,0.893442622950819882,,,,,,,,
5992.5,0.894308943089429982,,,,,,,,
