paymentGoodputSent:vector PCN.node9 (#0 - General-0-20250701-23:18:59-182200),,paymentGoodputSent:vector PCN.node7 (#0 - General-0-20250701-23:18:59-182200),,paymentGoodputSent:vector PCN.node4 (#0 - General-0-20250701-23:18:59-182200),,paymentGoodputSent:vector PCN.node8 (#0 - General-0-20250701-23:18:59-182200),,paymentGoodputSent:vector PCN.node5 (#0 - General-0-20250701-23:18:59-182200),
578,1,684.5,1,780.5,1,786,0,809,1
578,1,684.5,1,914.5,1,803.5,0.5,930.5,1
632,1,684.5,1,914.5,1,880.5,0.666666666666669846,930.5,1
632,1,884.5,1,1010,1,880.5,0.75,1115.5,1
731,1,884.5,1,1010,1,880.5,0.800000000000000041,1253.5,1
795.5,1,1139.5,1,1051.5,1,880.5,0.833333333333329925,1377.5,1
919,1,1226,1,1134,1,880.5,0.857142857142859867,1489.5,1
919,1,1308,1,1210,1,880.5,0.875,1544.5,1
919,1,1308,1,1260,1,951,0.888888888888889945,1690,1
995.5,1,1339.5,1,1301,1,951,0.899999999999999907,1799.5,1
995.5,0.909090909090909833,1344,1,1334,1,1003,0.909090909090909833,1912.5,1
995.5,0.916666666666669845,1426,1,1419.5,1,1003,0.916666666666669845,1979,1
995.5,0.923076923076920016,1465,1,1474.5,1,1018,0.923076923076920016,2299,1
1042.5,0.928571428571429931,1484,1,1569,1,1046.5,0.928571428571429931,2299,1
1042.5,0.933333333333330013,1571,1,1656.5,1,1046.5,0.933333333333330013,2343.5,1
1119,0.875,1571,1,1656.5,1,1046.5,0.9375,2366,1
1119,0.882352941176469891,1592,1,1689,1,1120.5,0.941176470588239941,2415.5,1
1119,0.888888888888889945,1690,1,1689,1,1175,0.944444444444439975,2499.5,1
1119,0.894736842105259939,1725,0.947368421052629856,1756,1,1267.5,0.947368421052629856,2499.5,1
1127,0.899999999999999907,1803,0.94999999999999995,1789,1,1267.5,0.94999999999999995,2726.5,1
1141,0.904761904761899988,1865,0.952380952380949881,1789,1,1267.5,0.952380952380949881,2726.5,1
1218,0.909090909090909833,1890,0.954545454545449917,1879.5,1,1319,0.954545454545449917,2902.5,1
1218,0.913043478260869841,1890,0.956521739130429922,1879.5,1,1319,0.956521739130429922,2902.5,1
1253,0.916666666666669845,1925,0.958333333333329925,1879.5,1,1375,0.958333333333329925,2902.5,1
1319,0.919999999999999923,2039,0.95999999999999996,1929,1,1375,0.95999999999999996,2902.5,1
1341.5,0.923076923076920016,2162,0.961538461538459895,1929,1,1454,0.961538461538459895,3002.5,1
1379.5,0.925925925925930035,2162,0.962962962962959906,1956,1,1454,0.962962962962959906,3002.5,1
1379.5,0.928571428571429931,2162,0.964285714285709968,1966,1,1454,0.964285714285709968,3103,1
1418,0.931034482758619882,2162,0.931034482758619882,2018,1,1454,0.965517241379310048,3311.5,1
1463,0.933333333333330013,2202,0.933333333333330013,2018,1,1575,0.96666666666666989,3515.5,1
1528,0.93548387096773999,2219,0.93548387096773999,2018,1,1575,0.96774193548386988,3696.5,1
1599,0.9375,2250,0.9375,2018,1,1575,0.96875,3953.5,1
1599,0.939393939393939888,2250,0.939393939393939888,2079.5,1,1654,0.969696969696969941,5409.5,1
1618,0.941176470588239941,2286,0.941176470588239941,2156,0.970588235294119968,1759,0.970588235294119968,5856,1
1618,0.942857142857139946,2286,0.914285714285709923,2156,0.97142857142856997,1854.5,0.97142857142856997,,
1656,0.944444444444439975,2286,0.916666666666669845,2218,0.972222222222219875,1886,0.972222222222219875,,
1677,0.945945945945950048,2349,0.918918918918919965,2247,0.972972972972969914,1919,0.972972972972969914,,
1677,0.947368421052629856,2407,0.894736842105259939,2279.5,0.973684210526319922,1959.5,0.947368421052629856,,
1755,0.948717948717950005,2419,0.897435897435900017,2355.5,0.974358974358970005,1991,0.948717948717950005,,
1755,0.94999999999999995,2507,0.875,2471,0.974999999999999863,2086,0.94999999999999995,,
1774,0.951219512195119904,2552,0.878048780487799881,2513,0.951219512195119904,2170.5,0.92682926829267997,,
1799,0.952380952380949881,2674,0.857142857142859867,2513,0.952380952380949881,2255,0.928571428571429931,,
1895,0.953488372093019837,2707.5,0.860465116279069959,2618.5,0.953488372093019837,2298.5,0.906976744186049895,,
1895,0.954545454545449917,2707.5,0.863636363636359976,2618.5,0.954545454545449917,2349.5,0.909090909090909833,,
1895,0.955555555555559928,2754.5,0.866666666666670023,2618.5,0.955555555555559928,2451.5,0.911111111111109867,,
1930,0.956521739130429922,2754.5,0.869565217391299991,2671,0.93478260869564988,2571,0.891304347826090023,,
1960,0.957446808510640009,2754.5,0.872340425531910043,2671,0.936170212765959903,2571,0.893617021276599917,,
1960,0.958333333333329925,2819,0.875,2716,0.9375,2571,0.895833333333329925,,
1960,0.959183673469389926,2819,0.877551020408160017,2776,0.938775510204080005,2592,0.897959183673469937,,
2021,0.95999999999999996,2819,0.87999999999999989,2776,0.939999999999999941,2639,0.899999999999999907,,
2095,0.960784313725489887,2892,0.882352941176469891,2888.5,0.941176470588239941,2671,0.901960784313729831,,
2095,0.961538461538459895,2892,0.884615384615379913,2888.5,0.942307692307689844,2720,0.903846153846149964,,
2095,0.962264150943400005,2952,0.886792452830190032,2957.5,0.943396226415089907,2771,0.905660377358489914,,
2176,0.962962962962959906,2952,0.888888888888889945,3002,0.944444444444439975,2771,0.907407407407409878,,
2176,0.963636363636359845,3015,0.890909090909089978,3019,0.945454545454549984,2771,0.909090909090909833,,
2179,0.964285714285709968,3083,0.892857142857139903,3092,0.946428571428569838,2771,0.910714285714290023,,
2179,0.964912280701749831,3083,0.894736842105259939,3092,0.947368421052629856,2852,0.912280701754389907,,
2182,0.948275862068969961,3142,0.896551724137929935,3202,0.948275862068969961,2935.5,0.913793103448280015,,
2199,0.949152542372879931,3215,0.89830508474575987,3283,0.949152542372879931,3056,0.915254237288140033,,
2199,0.94999999999999995,3215,0.899999999999999907,3283,0.94999999999999995,3056,0.916666666666669845,,
2199,0.950819672131149926,3215,0.901639344262299853,3306,0.950819672131149926,3072,0.918032786885250026,,
2199,0.951612903225810043,3272,0.903225806451609875,3343,0.951612903225810043,3096,0.919354838709679929,,
2199,0.952380952380949881,3272,0.904761904761899988,3374.5,0.952380952380949881,3139,0.904761904761899988,,
2221,0.953125,3300,0.90625,3374.5,0.953125,3227,0.90625,,
2252,0.953846153846150009,3300,0.907692307692310013,3402,0.953846153846150009,3354.5,0.892307692307690023,,
2281,0.939393939393939888,3300,0.909090909090909833,3496,0.954545454545449917,3456.5,0.878787878787880001,,
2443,0.940298507462689941,3320,0.910447761194030033,3538,0.955223880597009906,3502,0.880597014925369898,,
2443,0.941176470588239941,3377,0.911764705882349919,3598,0.955882352941179953,3502,0.882352941176469891,,
2443,0.94202898550724989,3377,0.913043478260869841,3598,0.956521739130429922,3502,0.869565217391299991,,
2443,0.942857142857139946,3377,0.914285714285709923,3598,0.957142857142859955,3509.5,0.871428571428569882,,
2443,0.943661971830989985,3377,0.91549295774647987,3683,0.957746478873239933,3612.5,0.873239436619720029,,
2443,0.944444444444439975,3410,0.916666666666669845,3683,0.958333333333329925,3612.5,0.875,,
2453,0.945205479452049907,3472,0.91780821917807986,3683,0.958904109589040039,3658,0.863013698630139988,,
2530,0.945945945945950048,3472,0.918918918918919965,3726,0.959459459459459869,3658,0.864864864864860023,,
2530,0.946666666666669872,3472,0.919999999999999923,3726,0.95999999999999996,3702.5,0.866666666666670023,,
2551,0.947368421052629856,3500,0.921052631578950005,3794,0.960526315789469894,3702.5,0.868421052631579866,,
2551,0.948051948051950028,3500,0.922077922077920048,3802,0.961038961038960021,3781.5,0.870129870129869861,,
2557,0.948717948717950005,3500,0.923076923076920016,3844,0.961538461538459895,3806,0.871794871794870026,,
2570,0.94936708860759,3531,0.924050632911389998,3926,0.962025316455699993,3806,0.873417721518989993,,
2682,0.94999999999999995,3542,0.92500000000000004,3938,0.962499999999999907,3806,0.875,,
2682,0.950617283950619946,3542,0.925925925925930035,3994,0.962962962962959906,3841,0.876543209876539992,,
2682,0.951219512195119904,3600,0.92682926829267997,4004,0.963414634146339873,3873,0.865853658536589905,,
2682,0.951807228915660048,3672,0.927710843373489965,4065,0.963855421686749865,3902.5,0.867469879518069971,,
2808,0.952380952380949881,3672,0.928571428571429931,4073,0.964285714285709968,3902.5,0.869047619047619953,,
2808,0.952941176470589953,3742,0.929411764705879935,4073,0.964705882352939965,3936,0.870588235294119879,,
2819,0.953488372093019837,3742,0.930232558139529871,4094,0.965116279069770041,4010,0.872093023255809948,,
2881,0.954022988505749841,3807,0.931034482758619882,4112,0.965517241379310048,4010,0.873563218390799975,,
2881,0.954545454545449917,3807,0.931818181818179876,4148,0.965909090909089935,4010,0.863636363636359976,,
2899,0.955056179775279896,3928,0.932584269662919848,4265,0.966292134831459922,4040,0.853932584269659897,,
2930,0.955555555555559928,3952,0.933333333333330013,4312,0.96666666666666989,4060,0.844444444444439887,,
2996,0.95604395604395997,4004,0.934065934065929856,4340,0.967032967032970031,4091,0.835164835164839965,,
3081,0.956521739130429922,4072,0.93478260869564988,4340,0.967391304347829934,4091,0.836956521739129929,,
3095,0.956989247311829989,4145.5,0.93548387096773999,4371,0.96774193548386988,4091,0.83870967741934987,,
3095,0.957446808510640009,4174,0.936170212765959903,4525,0.968085106382979839,4122,0.840425531914889886,,
3196,0.957894736842110013,4174,0.936842105263159914,4525,0.968421052631579955,4219,0.842105263157890023,,
3196,0.958333333333329925,4174,0.9375,4738,0.96875,4219,0.84375,,
3211,0.958762886597939841,4174,0.938144329896909875,4749.5,0.969072164948449938,4219,0.84536082474226992,,
3253,0.959183673469389926,4271,0.938775510204080005,4791,0.96938775510204,4219,0.846938775510200022,,
3253,0.959595959595959998,4306,0.939393939393939888,4791,0.969696969696969941,4270,0.848484848484849948,,
3253,0.95999999999999996,4345.5,0.929999999999999931,4890,0.96999999999999997,4419.5,0.839999999999999853,,
3331,0.960396039603959912,4345.5,0.930693069306929961,4890,0.970297029702970044,4419.5,0.841584158415839885,,
3396,0.960784313725489887,4374,0.93137254901960986,4890,0.970588235294119968,4419.5,0.843137254901960006,,
3453,0.96116504854369,4374,0.93203883495145989,4890,0.970873786407769885,4559,0.834951456310679901,,
3495,0.961538461538459895,4434,0.932692307692309926,4890,0.971153846153850025,4559,0.836538461538459895,,
3495,0.961904761904760036,4434,0.933333333333330013,4890,0.97142857142856997,4559,0.828571428571429843,,
3495,0.962264150943400005,4434,0.933962264150939963,4890,0.971698113207549946,4559,0.830188679245279943,,
3505,0.962616822429909863,4537,0.934579439252339878,4938,0.97196261682243001,4559,0.822429906542059937,,
3566,0.962962962962959906,4537,0.93518518518519,4991,0.972222222222219875,4619.5,0.824074074074069959,,
3566,0.963302752293579973,4537,0.935779816513759851,4991,0.972477064220179871,4619.5,0.825688073394500006,,
3613,0.963636363636359845,4537,0.936363636363639835,5090.5,0.963636363636359845,4655,0.827272727272730042,,
3766.5,0.963963963963959888,4574,0.93693693693694002,5139,0.963963963963959888,4655,0.828828828828829907,,
3766.5,0.964285714285709968,4637,0.9375,5139,0.964285714285709968,4679,0.830357142857139903,,
3813.5,0.964601769911499923,4637,0.938053097345129978,5191,0.964601769911499923,4698,0.831858407079649972,,
3910,0.964912280701749831,4774,0.93859649122806998,5191,0.964912280701749831,4765,0.824561403508770048,,
3910,0.96521739130435002,4870.5,0.939130434782609931,5279,0.96521739130435002,4796,0.826086956521739909,,
3910,0.965517241379310048,4914,0.939655172413790038,5279,0.965517241379310048,4855,0.827586206896550043,,
3987,0.965811965811969926,4974,0.940170940170939935,5391.5,0.965811965811969926,4898.5,0.820512820512820037,,
4049.5,0.966101694915249883,4974,0.94067796610168996,5434.5,0.966101694915249883,4996.5,0.822033898305079888,,
4049.5,0.95798319327730996,5070.5,0.941176470588239941,5539.5,0.966386554621849964,5075.5,0.823529411764709836,,
4078.5,0.958333333333329925,5070.5,0.941666666666669978,5539.5,0.96666666666666989,5192.5,0.824999999999999951,,
4125,0.958677685950410025,5114,0.942148760330580032,5539.5,0.966942148760330016,5192.5,0.826446280991739886,,
4213.5,0.959016393442619903,5231,0.942622950819669953,5539.5,0.967213114754099873,5223.5,0.827868852459019863,,
4213.5,0.959349593495929961,5270.5,0.943089430894309851,5635,0.967479674796750008,5255.5,0.829268292682930004,,
4310.5,0.951612903225810043,5374.5,0.94354838709677002,5924,0.96774193548386988,5255.5,0.830645161290319841,,
4325,0.951999999999999953,5374.5,0.943999999999999945,,,5350,0.831999999999999847,,
4349,0.952380952380949881,5441.5,0.944444444444439975,,,5423.5,0.833333333333329925,,
4368,0.944881889763779843,5514.5,0.944881889763779843,,,5423.5,0.834645669291339983,,
4413.5,0.9453125,5514.5,0.9453125,,,5423.5,0.8359375,,
4479,0.945736434108529918,5724,0.945736434108529918,,,5423.5,0.837209302325579992,,
4525,0.946153846153849895,,,,,5624,0.83846153846153992,,
4525,0.946564885496179894,,,,,5840,0.839694656488549903,,
4525,0.946969696969699898,,,,,5892,0.840909090909089936,,
4588,0.947368421052629856,,,,,5892,0.842105263157890023,,
4741.5,0.947761194029850036,,,,,5935,0.843283582089549895,,
4749.5,0.948148148148149956,,,,,5960.5,0.844444444444439887,,
4775.5,0.948529411764709836,,,,,5960.5,0.845588235294119968,,
4860,0.948905109489049931,,,,,5960.5,0.846715328467150026,,
4860,0.949275362318839906,,,,,,,,
4860,0.949640287769780041,,,,,,,,
4860,0.94999999999999995,,,,,,,,
4925.5,0.950354609929080047,,,,,,,,
4965,0.950704225352109851,,,,,,,,
5060,0.951048951048949926,,,,,,,,
5060,0.951388888888889945,,,,,,,,
5092,0.951724137931029941,,,,,,,,
5163.5,0.952054794520549969,,,,,,,,
5260,0.952380952380949881,,,,,,,,
5260,0.952702702702699962,,,,,,,,
5460,0.95302013422818987,,,,,,,,
5460,0.953333333333330031,,,,,,,,
5460,0.953642384105960025,,,,,,,,
5460,0.953947368421049986,,,,,,,,
5660.5,0.954248366013069833,,,,,,,,
